Timestamp,UTC,Callsign,Position,Altitude,Speed,Direction
1789210249,2026-09-12T10:50:49Z,EZY3293,"55.946583,-3.365979",0,0,90
1789210464,2026-09-12T10:54:24Z,EZY3293,"55.94656,-3.366207",0,3,90
1789210479,2026-09-12T10:54:39Z,EZY3293,"55.94656,-3.36656",0,2,90
1789210490,2026-09-12T10:54:50Z,EZY3293,"55.946571,-3.366769",0,2,87
1789210502,2026-09-12T10:55:02Z,EZY3293,"55.946606,-3.367009",0,2,59
1789210511,2026-09-12T10:55:11Z,EZY3293,"55.946594,-3.367224",0,3,22
1789210535,2026-09-12T10:55:35Z,EZY3293,"55.946373,-3.367331",0,2,357
1789210702,2026-09-12T10:58:22Z,EZY3293,"55.946583,-3.36731",0,5,357
1789210711,2026-09-12T10:58:31Z,EZY3293,"55.946857,-3.36733",0,8,357
1789210720,2026-09-12T10:58:40Z,EZY3293,"55.947224,-3.36733",0,10,357
1789210725,2026-09-12T10:58:45Z,EZY3293,"55.947468,-3.367374",0,10,351
1789210732,2026-09-12T10:58:52Z,EZY3293,"55.947758,-3.367631",0,11,331
1789210737,2026-09-12T10:58:57Z,EZY3293,"55.94799,-3.367747",0,12,345
1789210741,2026-09-12T10:59:01Z,EZY3293,"55.948288,-3.367747",0,12,357
1789210746,2026-09-12T10:59:06Z,EZY3293,"55.948563,-3.367747",0,13,357
1789210751,2026-09-12T10:59:11Z,EZY3293,"55.94883,-3.367846",0,13,343
1789210755,2026-09-12T10:59:15Z,EZY3293,"55.949043,-3.368079",0,12,329
1789210761,2026-09-12T10:59:21Z,EZY3293,"55.949318,-3.368246",0,11,345
1789210767,2026-09-12T10:59:27Z,EZY3293,"55.949574,-3.367975",0,10,36
1789210771,2026-09-12T10:59:31Z,EZY3293,"55.949657,-3.367739",0,10,53
1789210773,2026-09-12T10:59:33Z,EZY3293,"55.94973,-3.367538",0,10,56
1789210777,2026-09-12T10:59:37Z,EZY3293,"55.949806,-3.36731",0,10,59
1789210781,2026-09-12T10:59:41Z,EZY3293,"55.94989,-3.36706",0,9,59
1789210784,2026-09-12T10:59:44Z,EZY3293,"55.949959,-3.366852",0,7,59
1789210792,2026-09-12T10:59:52Z,EZY3293,"55.950039,-3.366644",0,2,59
1789210808,2026-09-12T11:00:08Z,EZY3293,"55.950119,-3.366415",0,3,56
1789210819,2026-09-12T11:00:19Z,EZY3293,"55.950188,-3.366207",0,2,59
1789210834,2026-09-12T11:00:34Z,EZY3293,"55.95026,-3.366001",0,3,59
1789210847,2026-09-12T11:00:47Z,EZY3293,"55.950371,-3.365687",0,3,59
1789210856,2026-09-12T11:00:56Z,EZY3293,"55.950436,-3.365464",0,5,59
1789210862,2026-09-12T11:01:02Z,EZY3293,"55.950542,-3.365187",0,6,56
1789210873,2026-09-12T11:01:13Z,EZY3293,"55.950741,-3.364606",0,8,59
1789210878,2026-09-12T11:01:18Z,EZY3293,"55.950817,-3.364355",0,9,59
1789210881,2026-09-12T11:01:21Z,EZY3293,"55.950912,-3.364091",0,10,59
1789210885,2026-09-12T11:01:25Z,EZY3293,"55.950985,-3.363855",0,10,59
1789210889,2026-09-12T11:01:29Z,EZY3293,"55.951077,-3.363597",0,11,59
1789210895,2026-09-12T11:01:35Z,EZY3293,"55.951263,-3.363065",0,12,59
1789210902,2026-09-12T11:01:42Z,EZY3293,"55.951485,-3.362439",0,13,59
1789210910,2026-09-12T11:01:50Z,EZY3293,"55.951717,-3.361709",0,15,59
1789210916,2026-09-12T11:01:56Z,EZY3293,"55.951939,-3.361065",0,13,59
1789210924,2026-09-12T11:02:04Z,EZY3293,"55.952183,-3.360357",0,13,59
1789210931,2026-09-12T11:02:11Z,EZY3293,"55.952381,-3.359756",0,14,59
1789210945,2026-09-12T11:02:25Z,EZY3293,"55.952785,-3.358555",0,10,59
1789210953,2026-09-12T11:02:33Z,EZY3293,"55.952938,-3.358104",0,8,59
1789210962,2026-09-12T11:02:42Z,EZY3293,"55.95314,-3.357509",0,10,59
1789210969,2026-09-12T11:02:49Z,EZY3293,"55.9533,-3.357031",0,10,59
1789210977,2026-09-12T11:02:57Z,EZY3293,"55.953461,-3.356573",0,7,59
1789210986,2026-09-12T11:03:06Z,EZY3293,"55.953579,-3.356216",0,5,59
1789210994,2026-09-12T11:03:14Z,EZY3293,"55.953659,-3.35598",0,4,59
1789211003,2026-09-12T11:03:23Z,EZY3293,"55.953735,-3.355762",0,5,59
1789211012,2026-09-12T11:03:32Z,EZY3293,"55.953869,-3.355358",0,5,59
1789211133,2026-09-12T11:05:33Z,EZY3293,"55.953941,-3.355137",0,2,59
1789211145,2026-09-12T11:05:45Z,EZY3293,"55.954056,-3.3548",0,6,59
1789211152,2026-09-12T11:05:52Z,EZY3293,"55.95417,-3.35445",0,8,59
1789211159,2026-09-12T11:05:59Z,EZY3293,"55.954319,-3.354097",0,7,50
1789211167,2026-09-12T11:06:07Z,EZY3293,"55.954533,-3.353963",0,6,19
1789211175,2026-09-12T11:06:15Z,EZY3293,"55.954765,-3.354118",0,6,337
1789211185,2026-09-12T11:06:25Z,EZY3293,"55.954948,-3.354326",0,3,329
1789211871,2026-09-12T11:17:51Z,EZY3293,"55.955132,-3.354534",0,5,329
1789211879,2026-09-12T11:17:59Z,EZY3293,"55.955338,-3.354757",0,7,329
1789211888,2026-09-12T11:18:08Z,EZY3293,"55.955578,-3.355012",0,8,329
1789211895,2026-09-12T11:18:15Z,EZY3293,"55.95578,-3.355207",0,6,326
1789211900,2026-09-12T11:18:20Z,EZY3293,"55.955818,-3.355408",0,5,300
1789211908,2026-09-12T11:18:28Z,EZY3293,"55.955704,-3.355616",0,3,244
1789211945,2026-09-12T11:19:05Z,EZY3293,"55.955601,-3.355886",0,12,239
1789211952,2026-09-12T11:19:12Z,EZY3293,"55.954952,-3.357825",0,52,239
1789211960,2026-09-12T11:19:20Z,EZY3293,"55.953648,-3.361559",250,85,238
1789211968,2026-09-12T11:19:28Z,EZY3293,"55.951366,-3.368425",250,122,239
1789211975,2026-09-12T11:19:35Z,EZY3293,"55.949249,-3.374634",275,139,238
1789211981,2026-09-12T11:19:41Z,EZY3293,"55.947098,-3.380959",500,139,238
1789211983,2026-09-12T11:19:43Z,EZY3293,"55.946457,-3.382874",600,136,238
1789211985,2026-09-12T11:19:45Z,EZY3293,"55.945641,-3.385248",725,136,238
1789211990,2026-09-12T11:19:50Z,EZY3293,"55.94429,-3.389196",925,135,237
1789211992,2026-09-12T11:19:52Z,EZY3293,"55.943573,-3.391196",1025,135,238
1789211994,2026-09-12T11:19:54Z,EZY3293,"55.942886,-3.393194",1125,134,238
1789211996,2026-09-12T11:19:56Z,EZY3293,"55.942196,-3.395205",1250,134,237
1789211998,2026-09-12T11:19:58Z,EZY3293,"55.941452,-3.397264",1325,135,237
1789212000,2026-09-12T11:20:00Z,EZY3293,"55.940754,-3.399239",1400,137,238
1789212002,2026-09-12T11:20:02Z,EZY3293,"55.940048,-3.401434",1475,139,238
1789212005,2026-09-12T11:20:05Z,EZY3293,"55.939358,-3.403358",1525,141,237
1789212007,2026-09-12T11:20:07Z,EZY3293,"55.938705,-3.405247",1575,144,238
1789212009,2026-09-12T11:20:09Z,EZY3293,"55.937805,-3.407842",1625,146,238
1789212011,2026-09-12T11:20:11Z,EZY3293,"55.936935,-3.410311",1675,149,238
1789212013,2026-09-12T11:20:13Z,EZY3293,"55.936157,-3.41242",1725,151,238
1789212016,2026-09-12T11:20:16Z,EZY3293,"55.935425,-3.414584",1750,154,237
1789212018,2026-09-12T11:20:18Z,EZY3293,"55.934647,-3.416831",1825,157,238
1789212020,2026-09-12T11:20:20Z,EZY3293,"55.933868,-3.419162",1850,158,238
1789212022,2026-09-12T11:20:22Z,EZY3293,"55.933071,-3.421469",1900,161,238
1789212024,2026-09-12T11:20:24Z,EZY3293,"55.932175,-3.424155",1975,163,239
1789212026,2026-09-12T11:20:26Z,EZY3293,"55.93121,-3.427048",2025,166,238
1789212028,2026-09-12T11:20:28Z,EZY3293,"55.930279,-3.429623",2075,167,238
1789212031,2026-09-12T11:20:31Z,EZY3293,"55.92952,-3.431813",2125,170,238
1789212033,2026-09-12T11:20:33Z,EZY3293,"55.928509,-3.434858",2200,174,238
1789212039,2026-09-12T11:20:39Z,EZY3293,"55.925812,-3.442669",2300,185,238
1789212043,2026-09-12T11:20:43Z,EZY3293,"55.923935,-3.448209",2400,192,239
1789212050,2026-09-12T11:20:50Z,EZY3293,"55.921017,-3.457003",2575,200,239
1789212058,2026-09-12T11:20:58Z,EZY3293,"55.916824,-3.469706",2825,209,239
1789212065,2026-09-12T11:21:05Z,EZY3293,"55.913425,-3.479919",3125,214,238
1789212074,2026-09-12T11:21:14Z,EZY3293,"55.909004,-3.492794",3575,216,238
1789212078,2026-09-12T11:21:18Z,EZY3293,"55.90686,-3.499562",3800,216,242
1789212080,2026-09-12T11:21:20Z,EZY3293,"55.905838,-3.503523",3950,217,246
1789212082,2026-09-12T11:21:22Z,EZY3293,"55.905258,-3.50647",4025,217,249
1789212084,2026-09-12T11:21:24Z,EZY3293,"55.904617,-3.509882",4150,218,252
1789212087,2026-09-12T11:21:27Z,EZY3293,"55.904022,-3.514166",4275,218,257
1789212089,2026-09-12T11:21:29Z,EZY3293,"55.903564,-3.518288",4400,219,258
1789212091,2026-09-12T11:21:31Z,EZY3293,"55.903152,-3.521867",4525,219,259
1789212093,2026-09-12T11:21:33Z,EZY3293,"55.902786,-3.525613",4625,219,259
1789212095,2026-09-12T11:21:35Z,EZY3293,"55.902393,-3.529444",4750,220,260
1789212097,2026-09-12T11:21:37Z,EZY3293,"55.901962,-3.533852",4875,221,260
1789212100,2026-09-12T11:21:40Z,EZY3293,"55.901642,-3.537431",4950,223,260
1789212102,2026-09-12T11:21:42Z,EZY3293,"55.901138,-3.542233",5075,224,260
1789212104,2026-09-12T11:21:44Z,EZY3293,"55.900818,-3.546004",5150,226,260
1789212106,2026-09-12T11:21:46Z,EZY3293,"55.900452,-3.5495",5225,228,260
1789212108,2026-09-12T11:21:48Z,EZY3293,"55.900085,-3.553162",5300,229,260
1789212111,2026-09-12T11:21:51Z,EZY3293,"55.899673,-3.55749",5375,231,260
1789212125,2026-09-12T11:22:05Z,EZY3293,"55.897018,-3.585205",6100,235,260
1789212138,2026-09-12T11:22:18Z,EZY3293,"55.894527,-3.61021",6825,235,259
1789212151,2026-09-12T11:22:31Z,EZY3293,"55.892105,-3.635101",7500,236,259
1789212164,2026-09-12T11:22:44Z,EZY3293,"55.889603,-3.660195",8050,241,259
1789212179,2026-09-12T11:22:59Z,EZY3293,"55.886753,-3.688316",8700,244,259
1789212193,2026-09-12T11:23:13Z,EZY3293,"55.883743,-3.718123",9425,247,259
1789212206,2026-09-12T11:23:26Z,EZY3293,"55.88126,-3.74342",9925,256,259
1789212219,2026-09-12T11:23:39Z,EZY3293,"55.878525,-3.770974",10400,266,260
1789212232,2026-09-12T11:23:52Z,EZY3293,"55.875675,-3.799381",10650,283,259
1789212245,2026-09-12T11:24:05Z,EZY3293,"55.87262,-3.829817",10900,297,259
1789212260,2026-09-12T11:24:20Z,EZY3293,"55.868958,-3.866022",11375,306,259
1789212272,2026-09-12T11:24:32Z,EZY3293,"55.865711,-3.898945",11925,308,259
1789212285,2026-09-12T11:24:45Z,EZY3293,"55.862686,-3.92936",12450,309,259
1789212317,2026-09-12T11:25:17Z,EZY3293,"55.854538,-4.00898",13900,314,259
1789212348,2026-09-12T11:25:48Z,EZY3293,"55.846252,-4.089918",15250,319,259
1789212359,2026-09-12T11:25:59Z,EZY3293,"55.842388,-4.116096",15650,322,248
1789212361,2026-09-12T11:26:01Z,EZY3293,"55.841217,-4.121121",15725,324,245
1789212363,2026-09-12T11:26:03Z,EZY3293,"55.839596,-4.126997",15800,325,242
1789212365,2026-09-12T11:26:05Z,EZY3293,"55.83815,-4.131525",15875,326,240
1789212367,2026-09-12T11:26:07Z,EZY3293,"55.836319,-4.136685",15950,327,237
1789212369,2026-09-12T11:26:09Z,EZY3293,"55.834488,-4.141346",16025,328,234
1789212371,2026-09-12T11:26:11Z,EZY3293,"55.832611,-4.145591",16100,329,232
1789212373,2026-09-12T11:26:13Z,EZY3293,"55.830551,-4.150002",16175,330,229
1789212375,2026-09-12T11:26:15Z,EZY3293,"55.828491,-4.153997",16250,332,227
1789212377,2026-09-12T11:26:17Z,EZY3293,"55.82642,-4.15781",16325,333,225
1789212379,2026-09-12T11:26:19Z,EZY3293,"55.823956,-4.162016",16425,333,224
1789212382,2026-09-12T11:26:22Z,EZY3293,"55.822044,-4.165192",16475,334,222
1789212384,2026-09-12T11:26:24Z,EZY3293,"55.819485,-4.169226",16575,336,220
1789212386,2026-09-12T11:26:26Z,EZY3293,"55.817047,-4.172807",16650,337,219
1789212388,2026-09-12T11:26:28Z,EZY3293,"55.814411,-4.176521",16725,337,218
1789212390,2026-09-12T11:26:30Z,EZY3293,"55.811432,-4.180555",16825,338,217
1789212392,2026-09-12T11:26:32Z,EZY3293,"55.80899,-4.183794",16900,339,216
1789212394,2026-09-12T11:26:34Z,EZY3293,"55.806358,-4.187078",16975,339,215
1789212396,2026-09-12T11:26:36Z,EZY3293,"55.804001,-4.190036",17050,340,214
1789212398,2026-09-12T11:26:38Z,EZY3293,"55.801254,-4.193365",17150,340,214
1789212400,2026-09-12T11:26:40Z,EZY3293,"55.798023,-4.197121",17225,341,213
1789212402,2026-09-12T11:26:42Z,EZY3293,"55.795303,-4.200273",17300,342,212
1789212405,2026-09-12T11:26:45Z,EZY3293,"55.792576,-4.203386",17375,342,212
1789212407,2026-09-12T11:26:47Z,EZY3293,"55.789783,-4.206562",17450,344,212
1789212409,2026-09-12T11:26:49Z,EZY3293,"55.786713,-4.209995",17525,344,212
1789212411,2026-09-12T11:26:51Z,EZY3293,"55.784042,-4.212841",17600,344,211
1789212438,2026-09-12T11:27:18Z,EZY3293,"55.746025,-4.251366",18475,353,202
1789212441,2026-09-12T11:27:21Z,EZY3293,"55.742752,-4.25354",18550,356,200
1789212443,2026-09-12T11:27:23Z,EZY3293,"55.738903,-4.255829",18650,357,197
1789212445,2026-09-12T11:27:25Z,EZY3293,"55.735657,-4.257535",18700,359,195
1789212447,2026-09-12T11:27:27Z,EZY3293,"55.732525,-4.259005",18775,362,195
1789212449,2026-09-12T11:27:29Z,EZY3293,"55.729404,-4.260292",18850,364,192
1789212451,2026-09-12T11:27:31Z,EZY3293,"55.72559,-4.26158",18925,366,190
1789212453,2026-09-12T11:27:33Z,EZY3293,"55.722237,-4.262438",18975,367,188
1789212455,2026-09-12T11:27:35Z,EZY3293,"55.719635,-4.262945",19025,370,186
1789212457,2026-09-12T11:27:37Z,EZY3293,"55.715195,-4.263611",19100,371,184
1789212459,2026-09-12T11:27:39Z,EZY3293,"55.711811,-4.263811",19175,374,181
1789212462,2026-09-12T11:27:42Z,EZY3293,"55.707668,-4.263811",19250,376,178
1789212464,2026-09-12T11:27:44Z,EZY3293,"55.704254,-4.263527",19325,378,177
1789212466,2026-09-12T11:27:46Z,EZY3293,"55.700871,-4.263124",19400,380,174
1789212468,2026-09-12T11:27:48Z,EZY3293,"55.697113,-4.262279",19475,382,172
1789212470,2026-09-12T11:27:50Z,EZY3293,"55.693405,-4.261197",19550,384,170
1789212472,2026-09-12T11:27:52Z,EZY3293,"55.690109,-4.260115",19625,388,168
1789212474,2026-09-12T11:27:54Z,EZY3293,"55.685974,-4.258404",19700,389,166
1789212476,2026-09-12T11:27:56Z,EZY3293,"55.681549,-4.25612",19775,392,163
1789212478,2026-09-12T11:27:58Z,EZY3293,"55.678898,-4.254541",19825,394,161
1789212480,2026-09-12T11:28:00Z,EZY3293,"55.675186,-4.252125",19900,396,159
1789212483,2026-09-12T11:28:03Z,EZY3293,"55.671028,-4.249048",19975,399,157
1789212485,2026-09-12T11:28:05Z,EZY3293,"55.667679,-4.246216",20050,401,154
1789212487,2026-09-12T11:28:07Z,EZY3293,"55.664108,-4.243053",20100,402,153
1789212489,2026-09-12T11:28:09Z,EZY3293,"55.660694,-4.240036",20175,403,152
1789212491,2026-09-12T11:28:11Z,EZY3293,"55.657391,-4.237032",20250,404,152
1789212493,2026-09-12T11:28:13Z,EZY3293,"55.654358,-4.234148",20325,403,152
1789212495,2026-09-12T11:28:15Z,EZY3293,"55.650455,-4.230509",20425,404,151
1789212497,2026-09-12T11:28:17Z,EZY3293,"55.647007,-4.227247",20500,404,151
1789212500,2026-09-12T11:28:20Z,EZY3293,"55.642914,-4.223299",20600,405,151
1789212502,2026-09-12T11:28:22Z,EZY3293,"55.639469,-4.219952",20675,406,151
1789212504,2026-09-12T11:28:24Z,EZY3293,"55.636093,-4.216669",20750,405,150
1789212506,2026-09-12T11:28:26Z,EZY3293,"55.632904,-4.213514",20800,406,150
1789212508,2026-09-12T11:28:28Z,EZY3293,"55.629364,-4.210011",20875,406,150
1789212539,2026-09-12T11:28:59Z,EZY3293,"55.57782,-4.161322",21875,412,152
1789212570,2026-09-12T11:29:30Z,EZY3293,"55.523693,-4.11335",22650,422,153
1789212602,2026-09-12T11:30:02Z,EZY3293,"55.468369,-4.064026",23575,426,152
1789212633,2026-09-12T11:30:33Z,EZY3293,"55.413391,-4.014372",24400,432,152
1789212665,2026-09-12T11:31:05Z,EZY3293,"55.357544,-3.963883",25400,432,152
1789212696,2026-09-12T11:31:36Z,EZY3293,"55.301498,-3.913547",26200,436,152
1789212727,2026-09-12T11:32:07Z,EZY3293,"55.245071,-3.863229",26875,442,152
1789212759,2026-09-12T11:32:39Z,EZY3293,"55.187958,-3.812256",27400,449,153
1789212790,2026-09-12T11:33:10Z,EZY3293,"55.130047,-3.760737",28225,450,152
1789212821,2026-09-12T11:33:41Z,EZY3293,"55.071529,-3.708718",29000,453,153
1789212853,2026-09-12T11:34:13Z,EZY3293,"55.012207,-3.656428",29425,460,153
1789212884,2026-09-12T11:34:44Z,EZY3293,"54.953613,-3.604764",30350,455,153
1789212915,2026-09-12T11:35:15Z,EZY3293,"54.894562,-3.552785",31175,452,153
1789212947,2026-09-12T11:35:47Z,EZY3293,"54.836655,-3.502215",31800,454,153
1789212978,2026-09-12T11:36:18Z,EZY3293,"54.777557,-3.450676",32400,455,153
1789213009,2026-09-12T11:36:49Z,EZY3293,"54.719467,-3.400188",33175,449,153
1789213041,2026-09-12T11:37:21Z,EZY3293,"54.661194,-3.349618",33950,444,153
1789213072,2026-09-12T11:37:52Z,EZY3293,"54.604797,-3.300976",34575,442,153
1789213105,2026-09-12T11:38:25Z,EZY3293,"54.543907,-3.248707",35000,445,153
1789213136,2026-09-12T11:38:56Z,EZY3293,"54.486229,-3.199602",35450,446,154
1789213167,2026-09-12T11:39:27Z,EZY3293,"54.428375,-3.152511",35950,444,154
1789213199,2026-09-12T11:39:59Z,EZY3293,"54.370422,-3.105819",36450,443,154
1789213232,2026-09-12T11:40:32Z,EZY3293,"54.308773,-3.055864",36800,445,154
1789213263,2026-09-12T11:41:03Z,EZY3293,"54.250675,-3.0088",36950,451,154
1789213294,2026-09-12T11:41:34Z,EZY3293,"54.191574,-2.961286",36925,459,154
1789213327,2026-09-12T11:42:07Z,EZY3293,"54.128288,-2.910408",36950,462,154
1789213360,2026-09-12T11:42:40Z,EZY3293,"54.065002,-2.859506",36950,461,154
1789213391,2026-09-12T11:43:11Z,EZY3293,"54.005157,-2.811531",36950,464,154
1789213421,2026-09-12T11:43:41Z,EZY3293,"53.945663,-2.764112",36950,465,154
1789213453,2026-09-12T11:44:13Z,EZY3293,"53.884819,-2.715723",36950,466,154
1789213486,2026-09-12T11:44:46Z,EZY3293,"53.82095,-2.665154",36975,466,154
1789213517,2026-09-12T11:45:17Z,EZY3293,"53.759129,-2.6162",36950,464,154
1789213548,2026-09-12T11:45:48Z,EZY3293,"53.698704,-2.568781",36950,467,155
1789213579,2026-09-12T11:46:19Z,EZY3293,"53.638824,-2.52199",36950,469,155
1789213610,2026-09-12T11:46:50Z,EZY3293,"53.577805,-2.474356",36950,470,154
1789213641,2026-09-12T11:47:21Z,EZY3293,"53.516647,-2.426566",36975,470,155
1789213674,2026-09-12T11:47:54Z,EZY3293,"53.452377,-2.3765",36950,470,155
1789213705,2026-09-12T11:48:25Z,EZY3293,"53.390945,-2.328945",36950,468,155
1789213738,2026-09-12T11:48:58Z,EZY3293,"53.326984,-2.279582",36950,468,155
1789213769,2026-09-12T11:49:29Z,EZY3293,"53.265957,-2.232648",36925,466,155
1789213800,2026-09-12T11:50:00Z,EZY3293,"53.205597,-2.186358",36950,466,155
1789213831,2026-09-12T11:50:31Z,EZY3293,"53.144547,-2.139668",36950,465,155
1789213862,2026-09-12T11:51:02Z,EZY3293,"53.084381,-2.093887",36925,467,155
1789213893,2026-09-12T11:51:33Z,EZY3293,"53.02327,-2.047348",36900,469,155
1789213924,2026-09-12T11:52:04Z,EZY3293,"52.961922,-2.000924",36900,471,155
1789213955,2026-09-12T11:52:35Z,EZY3293,"52.900288,-1.954389",36950,472,155
1789213986,2026-09-12T11:53:06Z,EZY3293,"52.839066,-1.908417",36975,472,155
1789214017,2026-09-12T11:53:37Z,EZY3293,"52.777313,-1.862106",36975,472,155
1789214048,2026-09-12T11:54:08Z,EZY3293,"52.714966,-1.815414",36975,472,155
1789214079,2026-09-12T11:54:39Z,EZY3293,"52.653625,-1.769714",36950,471,155
1789214110,2026-09-12T11:55:10Z,EZY3293,"52.59267,-1.724461",36950,469,155
1789214141,2026-09-12T11:55:41Z,EZY3293,"52.532013,-1.679417",36950,467,155
1789214172,2026-09-12T11:56:12Z,EZY3293,"52.471024,-1.634369",36950,466,155
1789214203,2026-09-12T11:56:43Z,EZY3293,"52.409672,-1.589486",36925,465,155
1789214234,2026-09-12T11:57:14Z,EZY3293,"52.349625,-1.545486",36925,465,155
1789214267,2026-09-12T11:57:47Z,EZY3293,"52.284897,-1.498108",36925,464,155
1789214297,2026-09-12T11:58:17Z,EZY3293,"52.225281,-1.454668",36950,465,155
1789214328,2026-09-12T11:58:48Z,EZY3293,"52.16423,-1.410141",36925,466,155
1789214359,2026-09-12T11:59:19Z,EZY3293,"52.104218,-1.366501",36900,466,155
1789214390,2026-09-12T11:59:50Z,EZY3293,"52.043381,-1.322556",36900,468,156
1789214423,2026-09-12T12:00:23Z,EZY3293,"51.978836,-1.276093",36975,468,156
1789214454,2026-09-12T12:00:54Z,EZY3293,"51.917336,-1.231803",36950,468,156
1789214485,2026-09-12T12:01:25Z,EZY3293,"51.856354,-1.188126",36975,468,156
1789214516,2026-09-12T12:01:56Z,EZY3293,"51.794998,-1.144211",36950,466,156
1789214549,2026-09-12T12:02:29Z,EZY3293,"51.729965,-1.097717",36950,466,156
1789214580,2026-09-12T12:03:00Z,EZY3293,"51.669075,-1.054459",36925,468,156
1789214611,2026-09-12T12:03:31Z,EZY3293,"51.606995,-1.010594",36925,468,156
1789214644,2026-09-12T12:04:04Z,EZY3293,"51.542175,-0.964867",36950,469,156
1789214675,2026-09-12T12:04:35Z,EZY3293,"51.48035,-0.921478",36950,470,156
1789214706,2026-09-12T12:05:06Z,EZY3293,"51.418579,-0.878238",36950,470,156
1789214737,2026-09-12T12:05:37Z,EZY3293,"51.357101,-0.835258",36950,470,156
1789214768,2026-09-12T12:06:08Z,EZY3293,"51.294525,-0.791609",36925,471,156
1789214799,2026-09-12T12:06:39Z,EZY3293,"51.232319,-0.748291",36925,472,156
1789214830,2026-09-12T12:07:10Z,EZY3293,"51.170197,-0.705278",36950,472,156
1789214861,2026-09-12T12:07:41Z,EZY3293,"51.10936,-0.663262",36950,473,156
1789214892,2026-09-12T12:08:12Z,EZY3293,"51.04723,-0.614395",36950,480,150
1789214917,2026-09-12T12:08:37Z,EZY3293,"51.000732,-0.565276",36950,487,141
1789214921,2026-09-12T12:08:41Z,EZY3293,"50.993591,-0.555997",36925,488,140
1789214923,2026-09-12T12:08:43Z,EZY3293,"50.990158,-0.551395",36925,489,139
1789214925,2026-09-12T12:08:45Z,EZY3293,"50.986431,-0.546417",36925,490,139
1789214927,2026-09-12T12:08:47Z,EZY3293,"50.983932,-0.543081",36925,489,139
1789214929,2026-09-12T12:08:49Z,EZY3293,"50.979492,-0.536994",36925,489,139
1789214961,2026-09-12T12:09:21Z,EZY3293,"50.924881,-0.464024",36950,490,139
1789214992,2026-09-12T12:09:52Z,EZY3293,"50.870956,-0.392539",36950,490,139
1789215023,2026-09-12T12:10:23Z,EZY3293,"50.817993,-0.322389",36925,492,139
1789215054,2026-09-12T12:10:54Z,EZY3293,"50.763931,-0.250681",36950,492,139
1789215085,2026-09-12T12:11:25Z,EZY3293,"50.709595,-0.178973",36950,492,140
1789215116,2026-09-12T12:11:56Z,EZY3293,"50.655724,-0.108007",36950,494,140
1789215147,2026-09-12T12:12:27Z,EZY3293,"50.601353,-0.036671",36950,494,140
1789215178,2026-09-12T12:12:58Z,EZY3293,"50.546951,0.034477",36950,494,140
1789215209,2026-09-12T12:13:29Z,EZY3293,"50.492142,0.105781",36950,493,140
1789215241,2026-09-12T12:14:01Z,EZY3293,"50.436905,0.177444",36925,494,140
1789215272,2026-09-12T12:14:32Z,EZY3293,"50.381973,0.248783",36950,494,140
1789215304,2026-09-12T12:15:04Z,EZY3293,"50.325809,0.321424",36950,494,140
1789215335,2026-09-12T12:15:35Z,EZY3293,"50.271156,0.392093",36950,494,140
1789215367,2026-09-12T12:16:07Z,EZY3293,"50.215572,0.463579",36950,493,140
1789215398,2026-09-12T12:16:38Z,EZY3293,"50.160454,0.534247",36950,494,140
1789215429,2026-09-12T12:17:09Z,EZY3293,"50.105663,0.604248",36950,494,140
1789215461,2026-09-12T12:17:41Z,EZY3293,"50.04966,0.675585",36950,493,140
1789215492,2026-09-12T12:18:12Z,EZY3293,"49.995056,0.744992",36950,494,140
1789215523,2026-09-12T12:18:43Z,EZY3293,"49.93959,0.815157",36950,493,140
1789215555,2026-09-12T12:19:15Z,EZY3293,"49.883888,0.885364",36925,493,140
1789215587,2026-09-12T12:19:47Z,EZY3293,"49.827885,0.955736",36950,493,140
1789215618,2026-09-12T12:20:18Z,EZY3293,"49.771774,1.026065",36950,493,140
1789215650,2026-09-12T12:20:50Z,EZY3293,"49.715649,1.096332",36950,492,140
1789215682,2026-09-12T12:21:22Z,EZY3293,"49.66011,1.16559",36950,492,141
1789215713,2026-09-12T12:21:53Z,EZY3293,"49.60397,1.235294",36950,492,141
1789215745,2026-09-12T12:22:25Z,EZY3293,"49.548065,1.30441",36925,492,141
1789215776,2026-09-12T12:22:56Z,EZY3293,"49.492722,1.372785",36925,494,141
1789215808,2026-09-12T12:23:28Z,EZY3293,"49.436142,1.442461",36950,494,141
1789215839,2026-09-12T12:23:59Z,EZY3293,"49.380569,1.510761",36925,495,141
1789215870,2026-09-12T12:24:30Z,EZY3293,"49.324844,1.578851",36925,496,141
1789215901,2026-09-12T12:25:01Z,EZY3293,"49.269028,1.646865",36925,497,141
1789215933,2026-09-12T12:25:33Z,EZY3293,"49.213444,1.714518",36950,498,141
1789215964,2026-09-12T12:26:04Z,EZY3293,"49.157349,1.782532",36950,499,141
1789215995,2026-09-12T12:26:35Z,EZY3293,"49.100136,1.851413",36950,499,141
1789216026,2026-09-12T12:27:06Z,EZY3293,"49.043793,1.918734",36950,499,141
1789216057,2026-09-12T12:27:37Z,EZY3293,"48.987488,1.985638",36975,499,141
1789216088,2026-09-12T12:28:08Z,EZY3293,"48.931595,2.051626",36950,498,142
1789216119,2026-09-12T12:28:39Z,EZY3293,"48.875015,2.118108",36950,498,142
1789216150,2026-09-12T12:29:10Z,EZY3293,"48.817936,2.184762",36950,497,142
1789216181,2026-09-12T12:29:41Z,EZY3293,"48.760677,2.251185",36950,498,142
1789216213,2026-09-12T12:30:13Z,EZY3293,"48.703674,2.316988",36950,496,142
1789216244,2026-09-12T12:30:44Z,EZY3293,"48.647049,2.38192",36925,496,142
1789216275,2026-09-12T12:31:15Z,EZY3293,"48.590389,2.446843",36925,496,142
1789216306,2026-09-12T12:31:46Z,EZY3293,"48.534668,2.513475",36925,496,141
1789216337,2026-09-12T12:32:17Z,EZY3293,"48.47913,2.580558",36925,496,141
1789216368,2026-09-12T12:32:48Z,EZY3293,"48.422241,2.648621",36950,496,141
1789216400,2026-09-12T12:33:20Z,EZY3293,"48.366669,2.714398",36950,496,141
1789216431,2026-09-12T12:33:51Z,EZY3293,"48.31073,2.780597",36950,495,141
1789216462,2026-09-12T12:34:22Z,EZY3293,"48.254932,2.846616",36925,496,141
1789216493,2026-09-12T12:34:53Z,EZY3293,"48.197708,2.913842",36950,496,141
1789216525,2026-09-12T12:35:25Z,EZY3293,"48.141037,2.979973",36950,496,142
1789216556,2026-09-12T12:35:56Z,EZY3293,"48.082222,3.038565",36950,496,149
1789216587,2026-09-12T12:36:27Z,EZY3293,"48.019749,3.08751",36950,496,155
1789216618,2026-09-12T12:36:58Z,EZY3293,"47.9529,3.129836",36875,496,157
1789216650,2026-09-12T12:37:30Z,EZY3293,"47.886154,3.171753",36400,495,156
1789216681,2026-09-12T12:38:01Z,EZY3293,"47.820927,3.212797",35900,498,157
1789216712,2026-09-12T12:38:32Z,EZY3293,"47.753799,3.2547",35400,500,157
1789216743,2026-09-12T12:39:03Z,EZY3293,"47.689362,3.2948",34900,494,157
1789216776,2026-09-12T12:39:36Z,EZY3293,"47.619141,3.338402",34400,493,157
1789216807,2026-09-12T12:40:07Z,EZY3293,"47.554413,3.378507",33900,492,157
1789216838,2026-09-12T12:40:38Z,EZY3293,"47.489334,3.418861",33400,492,156
1789216853,2026-09-12T12:40:53Z,EZY3293,"47.459747,3.442703",33150,492,146
1789216855,2026-09-12T12:40:55Z,EZY3293,"47.45591,3.446538",33125,492,145
1789216857,2026-09-12T12:40:57Z,EZY3293,"47.451488,3.451256",33075,492,143
1789216859,2026-09-12T12:40:59Z,EZY3293,"47.448227,3.454989",33050,492,142
1789216861,2026-09-12T12:41:01Z,EZY3293,"47.444504,3.459355",33025,492,140
1789216864,2026-09-12T12:41:04Z,EZY3293,"47.441116,3.463577",33025,492,139
1789216866,2026-09-12T12:41:06Z,EZY3293,"47.437592,3.468246",33000,491,137
1789216868,2026-09-12T12:41:08Z,EZY3293,"47.434357,3.472736",32975,491,136
1789216870,2026-09-12T12:41:10Z,EZY3293,"47.430222,3.478752",32975,492,134
1789216872,2026-09-12T12:41:12Z,EZY3293,"47.427467,3.482948",32975,492,133
1789216874,2026-09-12T12:41:14Z,EZY3293,"47.424133,3.488228",32950,491,132
1789216876,2026-09-12T12:41:16Z,EZY3293,"47.420837,3.49379",32950,492,130
1789216878,2026-09-12T12:41:18Z,EZY3293,"47.417831,3.499075",32950,492,129
1789216880,2026-09-12T12:41:20Z,EZY3293,"47.414795,3.504707",32925,492,128
1789216882,2026-09-12T12:41:22Z,EZY3293,"47.412106,3.509921",32925,492,127
1789216884,2026-09-12T12:41:24Z,EZY3293,"47.409485,3.515144",32925,492,125
1789216886,2026-09-12T12:41:26Z,EZY3293,"47.406982,3.520555",32925,492,124
1789216888,2026-09-12T12:41:28Z,EZY3293,"47.403957,3.527245",32925,492,123
1789216890,2026-09-12T12:41:30Z,EZY3293,"47.40205,3.531752",32925,491,122
1789216893,2026-09-12T12:41:33Z,EZY3293,"47.399094,3.538765",32925,491,121
1789216895,2026-09-12T12:41:35Z,EZY3293,"47.396759,3.544464",32925,491,121
1789216897,2026-09-12T12:41:37Z,EZY3293,"47.394379,3.550163",32925,492,121
1789216899,2026-09-12T12:41:39Z,EZY3293,"47.391907,3.556206",32925,492,121
1789216901,2026-09-12T12:41:41Z,EZY3293,"47.389107,3.56288",32925,491,121
1789216903,2026-09-12T12:41:43Z,EZY3293,"47.386688,3.568703",32925,491,121
1789216934,2026-09-12T12:42:14Z,EZY3293,"47.348602,3.657143",32925,490,122
1789216965,2026-09-12T12:42:45Z,EZY3293,"47.310928,3.742973",32950,487,122
1789216997,2026-09-12T12:43:17Z,EZY3293,"47.27298,3.829765",32925,489,122
1789217028,2026-09-12T12:43:48Z,EZY3293,"47.234802,3.916969",32950,490,122
1789217059,2026-09-12T12:44:19Z,EZY3293,"47.196671,4.00383",32800,489,122
1789217090,2026-09-12T12:44:50Z,EZY3293,"47.158905,4.08952",32350,484,122
1789217121,2026-09-12T12:45:21Z,EZY3293,"47.120686,4.176002",31875,482,122
1789217152,2026-09-12T12:45:52Z,EZY3293,"47.082825,4.261459",31375,484,122
1789217184,2026-09-12T12:46:24Z,EZY3293,"47.044739,4.347153",30875,485,122
1789217215,2026-09-12T12:46:55Z,EZY3293,"47.006447,4.433054",30375,486,123
1789217246,2026-09-12T12:47:26Z,EZY3293,"46.967377,4.520531",29850,488,123
1789217278,2026-09-12T12:47:58Z,EZY3293,"46.928146,4.60792",29325,490,123
1789217310,2026-09-12T12:48:30Z,EZY3293,"46.889091,4.694965",28650,488,123
1789217341,2026-09-12T12:49:01Z,EZY3293,"46.850372,4.780661",26900,483,123
1789217373,2026-09-12T12:49:33Z,EZY3293,"46.811394,4.866875",24975,482,123
1789217404,2026-09-12T12:50:04Z,EZY3293,"46.773407,4.950371",23500,469,123
1789217436,2026-09-12T12:50:36Z,EZY3293,"46.735142,5.034622",22925,461,123
1789217467,2026-09-12T12:51:07Z,EZY3293,"46.698532,5.115208",22925,460,123
1789217493,2026-09-12T12:51:33Z,EZY3293,"46.671551,5.182251",22950,455,112
1789217495,2026-09-12T12:51:35Z,EZY3293,"46.669548,5.189598",22950,454,111
1789217497,2026-09-12T12:51:37Z,EZY3293,"46.668198,5.195023",22950,453,109
1789217499,2026-09-12T12:51:39Z,EZY3293,"46.666901,5.200686",22950,454,108
1789217501,2026-09-12T12:51:41Z,EZY3293,"46.665482,5.207386",22950,452,106
1789217504,2026-09-12T12:51:44Z,EZY3293,"46.664337,5.213549",22925,452,105
1789217506,2026-09-12T12:51:46Z,EZY3293,"46.66333,5.219377",22925,450,103
1789217508,2026-09-12T12:51:48Z,EZY3293,"46.662369,5.225607",22900,449,102
1789217510,2026-09-12T12:51:50Z,EZY3293,"46.661495,5.231621",22875,448,101
1789217512,2026-09-12T12:51:52Z,EZY3293,"46.660583,5.238536",22850,447,101
1789217514,2026-09-12T12:51:54Z,EZY3293,"46.659851,5.243895",22800,448,100
1789217516,2026-09-12T12:51:56Z,EZY3293,"46.658981,5.250504",22750,446,100
1789217518,2026-09-12T12:51:58Z,EZY3293,"46.658146,5.256683",22675,446,101
1789217520,2026-09-12T12:52:00Z,EZY3293,"46.657307,5.262794",22625,445,101
1789217522,2026-09-12T12:52:02Z,EZY3293,"46.656467,5.268974",22525,445,101
1789217524,2026-09-12T12:52:04Z,EZY3293,"46.655678,5.274536",22425,445,101
1789217527,2026-09-12T12:52:07Z,EZY3293,"46.654839,5.280441",22325,446,101
1789217559,2026-09-12T12:52:39Z,EZY3293,"46.640408,5.3741",20725,442,102
1789217590,2026-09-12T12:53:10Z,EZY3293,"46.62616,5.464426",19175,435,102
1789217607,2026-09-12T12:53:27Z,EZY3293,"46.616501,5.51018",18425,434,113
1789217609,2026-09-12T12:53:29Z,EZY3293,"46.614525,5.516441",18325,433,114
1789217611,2026-09-12T12:53:31Z,EZY3293,"46.612747,5.521769",18250,434,116
1789217613,2026-09-12T12:53:33Z,EZY3293,"46.610847,5.527016",18150,433,118
1789217615,2026-09-12T12:53:35Z,EZY3293,"46.608658,5.532578",18075,432,119
1789217617,2026-09-12T12:53:37Z,EZY3293,"46.606705,5.537315",18000,431,121
1789217619,2026-09-12T12:53:39Z,EZY3293,"46.604561,5.542191",17925,431,122
1789217621,2026-09-12T12:53:41Z,EZY3293,"46.602173,5.547359",17825,430,124
1789217623,2026-09-12T12:53:43Z,EZY3293,"46.599815,5.552147",17750,429,125
1789217625,2026-09-12T12:53:45Z,EZY3293,"46.596863,5.557742",17650,430,128
1789217627,2026-09-12T12:53:47Z,EZY3293,"46.594414,5.562103",17550,428,129
1789217630,2026-09-12T12:53:50Z,EZY3293,"46.592087,5.566086",17475,429,131
1789217632,2026-09-12T12:53:52Z,EZY3293,"46.588642,5.571648",17325,428,132
1789217634,2026-09-12T12:53:54Z,EZY3293,"46.58585,5.575768",17225,429,134
1789217636,2026-09-12T12:53:56Z,EZY3293,"46.583614,5.578995",17150,429,135
1789217638,2026-09-12T12:53:58Z,EZY3293,"46.57988,5.584002",17000,429,137
1789217640,2026-09-12T12:54:00Z,EZY3293,"46.576397,5.58847",16875,430,139
1789217642,2026-09-12T12:54:02Z,EZY3293,"46.572952,5.592453",16775,430,140
1789217645,2026-09-12T12:54:05Z,EZY3293,"46.570038,5.595726",16675,431,143
1789217647,2026-09-12T12:54:07Z,EZY3293,"46.56665,5.599209",16575,430,145
1789217649,2026-09-12T12:54:09Z,EZY3293,"46.563171,5.602625",16475,430,146
1789217651,2026-09-12T12:54:11Z,EZY3293,"46.559692,5.605908",16375,430,147
1789217653,2026-09-12T12:54:13Z,EZY3293,"46.556488,5.608788",16300,429,148
1789217655,2026-09-12T12:54:15Z,EZY3293,"46.552193,5.61264",16175,430,148
1789217657,2026-09-12T12:54:17Z,EZY3293,"46.548889,5.615622",16100,428,148
1789217659,2026-09-12T12:54:19Z,EZY3293,"46.545685,5.618435",16025,428,148
1789217661,2026-09-12T12:54:21Z,EZY3293,"46.541531,5.622116",15925,426,148
1789217664,2026-09-12T12:54:24Z,EZY3293,"46.538086,5.625201",15850,426,148
1789217666,2026-09-12T12:54:26Z,EZY3293,"46.534641,5.628227",15750,426,148
1789217668,2026-09-12T12:54:28Z,EZY3293,"46.531219,5.631297",15675,426,148
1789217699,2026-09-12T12:54:59Z,EZY3293,"46.478897,5.678458",14475,414,147
1789217731,2026-09-12T12:55:31Z,EZY3293,"46.428547,5.724564",13225,405,147
1789217746,2026-09-12T12:55:46Z,EZY3293,"46.405106,5.743773",12625,401,157
1789217748,2026-09-12T12:55:48Z,EZY3293,"46.400711,5.746193",12525,401,159
1789217750,2026-09-12T12:55:50Z,EZY3293,"46.397919,5.747635",12450,401,162
1789217752,2026-09-12T12:55:52Z,EZY3293,"46.393261,5.749489",12350,400,164
1789217754,2026-09-12T12:55:54Z,EZY3293,"46.389862,5.750656",12275,400,167
1789217756,2026-09-12T12:55:56Z,EZY3293,"46.386292,5.751678",12200,398,169
1789217758,2026-09-12T12:55:58Z,EZY3293,"46.382126,5.752615",12125,398,171
1789217760,2026-09-12T12:56:00Z,EZY3293,"46.378281,5.753353",12025,398,172
1789217762,2026-09-12T12:56:02Z,EZY3293,"46.374546,5.753952",11925,397,173
1789217765,2026-09-12T12:56:05Z,EZY3293,"46.370773,5.754424",11850,397,175
1789217767,2026-09-12T12:56:07Z,EZY3293,"46.367054,5.754845",11750,397,175
1789217769,2026-09-12T12:56:09Z,EZY3293,"46.362762,5.755295",11675,396,175
1789217771,2026-09-12T12:56:11Z,EZY3293,"46.359467,5.75563",11625,396,176
1789217773,2026-09-12T12:56:13Z,EZY3293,"46.35537,5.756012",11575,393,176
1789217775,2026-09-12T12:56:15Z,EZY3293,"46.351456,5.7563",11525,392,176
1789217777,2026-09-12T12:56:17Z,EZY3293,"46.348663,5.756561",11500,390,176
1789217779,2026-09-12T12:56:19Z,EZY3293,"46.344818,5.756836",11475,388,176
1789217781,2026-09-12T12:56:21Z,EZY3293,"46.340611,5.757179",11425,388,177
1789217783,2026-09-12T12:56:23Z,EZY3293,"46.337029,5.757454",11400,386,177
1789217798,2026-09-12T12:56:38Z,EZY3293,"46.311516,5.759102",11150,372,177
1789217812,2026-09-12T12:56:52Z,EZY3293,"46.287636,5.760406",10900,352,178
1789217825,2026-09-12T12:57:05Z,EZY3293,"46.267593,5.761257",10725,334,178
1789217840,2026-09-12T12:57:20Z,EZY3293,"46.244946,5.762054",10500,314,178
1789217852,2026-09-12T12:57:32Z,EZY3293,"46.227348,5.762741",10325,301,178
1789217867,2026-09-12T12:57:47Z,EZY3293,"46.207901,5.763736",10100,286,177
1789217879,2026-09-12T12:57:59Z,EZY3293,"46.19141,5.76487",9950,275,177
1789217894,2026-09-12T12:58:14Z,EZY3293,"46.173347,5.766243",9775,265,176
1789217908,2026-09-12T12:58:28Z,EZY3293,"46.155533,5.767889",9600,258,176
1789217921,2026-09-12T12:58:41Z,EZY3293,"46.141068,5.769296",9425,254,175
1789217936,2026-09-12T12:58:56Z,EZY3293,"46.123581,5.771105",9125,251,175
1789217951,2026-09-12T12:59:11Z,EZY3293,"46.106316,5.772835",8875,248,175
1789217965,2026-09-12T12:59:25Z,EZY3293,"46.090069,5.774483",8700,236,176
1789217978,2026-09-12T12:59:38Z,EZY3293,"46.076569,5.775727",8550,224,176
1789217989,2026-09-12T12:59:49Z,EZY3293,"46.066048,5.778259",8400,215,161
1789217991,2026-09-12T12:59:51Z,EZY3293,"46.064278,5.779221",8375,214,159
1789217993,2026-09-12T12:59:53Z,EZY3293,"46.062462,5.780388",8350,212,152
1789217995,2026-09-12T12:59:55Z,EZY3293,"46.060913,5.781689",8300,211,148
1789217997,2026-09-12T12:59:57Z,EZY3293,"46.058807,5.783699",8250,210,144
1789217999,2026-09-12T12:59:59Z,EZY3293,"46.057621,5.784988",8200,208,140
1789218001,2026-09-12T13:00:01Z,EZY3293,"46.056152,5.786914",8175,206,137
1789218003,2026-09-12T13:00:03Z,EZY3293,"46.054504,5.789527",8125,205,133
1789218005,2026-09-12T13:00:05Z,EZY3293,"46.053383,5.791649",8100,200,126
1789218007,2026-09-12T13:00:07Z,EZY3293,"46.052399,5.793948",8075,197,121
1789218009,2026-09-12T13:00:09Z,EZY3293,"46.051437,5.796427",8025,196,117
1789218011,2026-09-12T13:00:11Z,EZY3293,"46.050636,5.799133",7950,194,113
1789218014,2026-09-12T13:00:14Z,EZY3293,"46.050064,5.801518",7875,194,108
1789218016,2026-09-12T13:00:16Z,EZY3293,"46.049652,5.803997",7800,194,103
1789218018,2026-09-12T13:00:18Z,EZY3293,"46.049377,5.806743",7725,194,99
1789218020,2026-09-12T13:00:20Z,EZY3293,"46.04924,5.809227",7650,195,94
1789218022,2026-09-12T13:00:22Z,EZY3293,"46.04924,5.811974",7550,196,89
1789218024,2026-09-12T13:00:24Z,EZY3293,"46.049286,5.81472",7475,197,87
1789218026,2026-09-12T13:00:26Z,EZY3293,"46.049427,5.817604",7375,197,85
1789218028,2026-09-12T13:00:28Z,EZY3293,"46.049706,5.820488",7300,198,82
1789218030,2026-09-12T13:00:30Z,EZY3293,"46.050034,5.823029",7200,198,78
1789218032,2026-09-12T13:00:32Z,EZY3293,"46.050568,5.825634",7125,199,73
1789218035,2026-09-12T13:00:35Z,EZY3293,"46.051437,5.82885",7025,198,68
1789218037,2026-09-12T13:00:37Z,EZY3293,"46.052265,5.831268",6950,199,64
1789218039,2026-09-12T13:00:39Z,EZY3293,"46.053131,5.833539",6875,199,59
1789218041,2026-09-12T13:00:41Z,EZY3293,"46.054131,5.835732",6800,198,56
1789218043,2026-09-12T13:00:43Z,EZY3293,"46.055386,5.838272",6725,199,53
1789218045,2026-09-12T13:00:45Z,EZY3293,"46.056244,5.839903",6675,200,51
1789218047,2026-09-12T13:00:47Z,EZY3293,"46.057709,5.842449",6600,199,50
1789218049,2026-09-12T13:00:49Z,EZY3293,"46.058876,5.844452",6525,198,49
1789218051,2026-09-12T13:00:51Z,EZY3293,"46.06041,5.847004",6425,199,48
1789218054,2026-09-12T13:00:54Z,EZY3293,"46.061344,5.848503",6375,199,48
1789218056,2026-09-12T13:00:56Z,EZY3293,"46.062881,5.85089",6300,198,48
1789218058,2026-09-12T13:00:58Z,EZY3293,"46.064117,5.8529",6225,198,48
1789218060,2026-09-12T13:01:00Z,EZY3293,"46.06535,5.854889",6150,198,48
1789218062,2026-09-12T13:01:02Z,EZY3293,"46.066635,5.856919",6075,198,48
1789218064,2026-09-12T13:01:04Z,EZY3293,"46.068047,5.859215",6000,200,48
1789218066,2026-09-12T13:01:06Z,EZY3293,"46.068977,5.860725",5950,199,48
1789218068,2026-09-12T13:01:08Z,EZY3293,"46.070572,5.863216",5850,199,47
1789218070,2026-09-12T13:01:10Z,EZY3293,"46.071865,5.865189",5775,199,46
1789218083,2026-09-12T13:01:23Z,EZY3293,"46.080048,5.87715",5325,200,45
1789218095,2026-09-12T13:01:35Z,EZY3293,"46.088066,5.889015",5000,196,46
1789218097,2026-09-12T13:01:37Z,EZY3293,"46.089294,5.890882",4950,195,46
1789218100,2026-09-12T13:01:40Z,EZY3293,"46.090485,5.892691",4900,196,45
1789218108,2026-09-12T13:01:48Z,EZY3293,"46.095932,5.900688",4700,196,45
1789218117,2026-09-12T13:01:57Z,EZY3293,"46.101379,5.908635",4525,195,45
1789218123,2026-09-12T13:02:03Z,EZY3293,"46.105591,5.914798",4425,189,45
1789218131,2026-09-12T13:02:11Z,EZY3293,"46.11058,5.9221",4300,182,45
1789218138,2026-09-12T13:02:18Z,EZY3293,"46.114136,5.92733",4200,176,45
1789218146,2026-09-12T13:02:26Z,EZY3293,"46.118958,5.934426",4100,169,45
1789218153,2026-09-12T13:02:33Z,EZY3293,"46.122345,5.939383",4000,167,45
1789218161,2026-09-12T13:02:41Z,EZY3293,"46.127014,5.946082",3875,167,45
1789218168,2026-09-12T13:02:48Z,EZY3293,"46.130569,5.951363",3750,168,45
1789218176,2026-09-12T13:02:56Z,EZY3293,"46.135128,5.957954",3625,166,45
1789218185,2026-09-12T13:03:05Z,EZY3293,"46.139973,5.965096",3500,166,45
1789218193,2026-09-12T13:03:13Z,EZY3293,"46.144485,5.971619",3375,159,45
1789218200,2026-09-12T13:03:20Z,EZY3293,"46.147568,5.976161",3300,154,46
1789218208,2026-09-12T13:03:28Z,EZY3293,"46.151871,5.982524",3175,149,45
1789218217,2026-09-12T13:03:37Z,EZY3293,"46.155899,5.988487",3050,145,45
1789218225,2026-09-12T13:03:45Z,EZY3293,"46.159756,5.994141",2950,145,45
1789218234,2026-09-12T13:03:54Z,EZY3293,"46.163818,6.000076",2825,145,45
1789218240,2026-09-12T13:04:00Z,EZY3293,"46.166748,6.004296",2750,143,45
1789218248,2026-09-12T13:04:08Z,EZY3293,"46.170502,6.009856",2650,142,45
1789218257,2026-09-12T13:04:17Z,EZY3293,"46.17421,6.015349",2575,144,45
1789218263,2026-09-12T13:04:23Z,EZY3293,"46.177368,6.019905",2500,147,45
1789218272,2026-09-12T13:04:32Z,EZY3293,"46.181541,6.026001",2375,146,45
1789218280,2026-09-12T13:04:40Z,EZY3293,"46.185406,6.031631",2275,143,45
1789218289,2026-09-12T13:04:49Z,EZY3293,"46.189362,6.037389",2175,142,46
1789218295,2026-09-12T13:04:55Z,EZY3293,"46.192436,6.041931",2075,142,46
1789218304,2026-09-12T13:05:04Z,EZY3293,"46.196205,6.047562",1975,140,45
1789218310,2026-09-12T13:05:10Z,EZY3293,"46.199234,6.051956",1900,141,45
1789218318,2026-09-12T13:05:18Z,EZY3293,"46.202957,6.057449",1800,142,45
1789218325,2026-09-12T13:05:25Z,EZY3293,"46.205841,6.061707",1725,140,45
1789218333,2026-09-12T13:05:33Z,EZY3293,"46.209595,6.067266",1625,139,45
1789218341,2026-09-12T13:05:41Z,EZY3293,"46.213432,6.07283",1525,138,45
1789218348,2026-09-12T13:05:48Z,EZY3293,"46.216644,6.077568",1450,138,45
1789218356,2026-09-12T13:05:56Z,EZY3293,"46.220367,6.082993",1350,140,45
1789218365,2026-09-12T13:06:05Z,EZY3293,"46.223999,6.088348",1225,139,45
1789218372,2026-09-12T13:06:12Z,EZY3293,"46.227398,6.093292",1150,140,45
1789218379,2026-09-12T13:06:19Z,EZY3293,"46.230286,6.097546",1050,140,45
1789218386,2026-09-12T13:06:26Z,EZY3293,"46.233353,6.102035",1050,127,45
1789218393,2026-09-12T13:06:33Z,EZY3293,"46.235779,6.105618",0,88,45
1789218400,2026-09-12T13:06:40Z,EZY3293,"46.237358,6.10793",0,62,45
1789218408,2026-09-12T13:06:48Z,EZY3293,"46.238457,6.10952",0,26,45
1789218412,2026-09-12T13:06:52Z,EZY3293,"46.238697,6.109906",0,14,50
1789218417,2026-09-12T13:06:57Z,EZY3293,"46.238754,6.110218",0,11,75
1789218420,2026-09-12T13:07:00Z,EZY3293,"46.238686,6.110475",0,11,106
1789218425,2026-09-12T13:07:05Z,EZY3293,"46.238499,6.110682",0,12,140
1789218430,2026-09-12T13:07:10Z,EZY3293,"46.238197,6.110767",0,11,171
1789218435,2026-09-12T13:07:15Z,EZY3293,"46.237976,6.110793",0,10,171
1789218440,2026-09-12T13:07:20Z,EZY3293,"46.237759,6.11086",0,10,171
1789218445,2026-09-12T13:07:25Z,EZY3293,"46.237518,6.11091",0,11,171
1789218449,2026-09-12T13:07:29Z,EZY3293,"46.237289,6.11091",0,11,182
1789218454,2026-09-12T13:07:34Z,EZY3293,"46.237083,6.110793",0,10,199
1789218460,2026-09-12T13:07:40Z,EZY3293,"46.236843,6.110642",0,9,196
1789218467,2026-09-12T13:07:47Z,EZY3293,"46.236626,6.110802",0,7,154
1789218475,2026-09-12T13:07:55Z,EZY3293,"46.236462,6.111025",0,6,137
1789218483,2026-09-12T13:08:03Z,EZY3293,"46.236298,6.111265",0,6,135
1789218493,2026-09-12T13:08:13Z,EZY3293,"46.236111,6.11153",0,6,135
1789218503,2026-09-12T13:08:23Z,EZY3293,"46.235893,6.111698",0,6,151
1789218513,2026-09-12T13:08:33Z,EZY3293,"46.235676,6.111564",0,6,202
1789218523,2026-09-12T13:08:43Z,EZY3293,"46.235538,6.111346",0,3,222
1789218539,2026-09-12T13:08:59Z,EZY3293,"46.235332,6.11153",0,5,140
1789218549,2026-09-12T13:09:09Z,EZY3293,"46.235157,6.111746",0,5,135
1789218557,2026-09-12T13:09:17Z,EZY3293,"46.235031,6.111952",0,4,135
